Income,precision,recall,f1-score,support
Low income,0.5,1.0,0.6666666666666666,3.0
Lower middle income,0.6666666666666666,0.34782608695652173,0.45714285714285713,23.0
Upper middle income,0.62,0.8857142857142857,0.7294117647058823,35.0
High income,1.0,0.8627450980392157,0.9263157894736842,51.0
accuracy,0.7678571428571429,0.7678571428571429,0.7678571428571429,0.7678571428571429
macro avg,0.6966666666666667,0.7740713676775058,0.6948842694972726,112.0
weighted avg,0.7994047619047618,0.7678571428571429,0.7614803816263347,112.0
